[
  {
    "artist": {
      "mbid": "a6c6897a-7415-4f8d-b5a5-3a5e05f3be67",
      "#text": "Twenty One Pilots"
    },
    "album": {
      "mbid": "136434d5-9ddf-4c62-8dcc-021ead11fe0c",
      "#text": "Blurryface"
    },
    "image": [
      {
        "size": "small",
        "#text": "https://lastfm.freetls.fastly.net/i/u/34s/2c55917f6745edeb05857a8818e99cc8.png"
      },
      {
        "size": "medium",
        "#text": "https://lastfm.freetls.fastly.net/i/u/64s/2c55917f6745edeb05857a8818e99cc8.png"
      },
      {
        "size": "large",
        "#text": "https://lastfm.freetls.fastly.net/i/u/174s/2c55917f6745edeb05857a8818e99cc8.png"
      },
      {
        "size": "extralarge",
        "#text": "https://lastfm.freetls.fastly.net/i/u/300x300/2c55917f6745edeb05857a8818e99cc8.png"
      }
    ],
    "streamable": "0",
    "date": {
      "uts": "1584323858",
      "#text": "16 Mar 2020, 01:57"
    },
    "url": "https://www.last.fm/music/Twenty+One+Pilots/_/Doubt",
    "name": "Doubt",
    "mbid": "2f702737-4f3a-4416-81ff-7a0d915917f1"
  },
  {
    "artist": {
      "mbid": "a6c6897a-7415-4f8d-b5a5-3a5e05f3be67",
      "#text": "Twenty One Pilots"
    },
    "album": {
      "mbid": "136434d5-9ddf-4c62-8dcc-021ead11fe0c",
      "#text": "Blurryface"
    },
    "image": [
      {
        "size": "small",
        "#text": "https://lastfm.freetls.fastly.net/i/u/34s/2c55917f6745edeb05857a8818e99cc8.png"
      },
      {
        "size": "medium",
        "#text": "https://lastfm.freetls.fastly.net/i/u/64s/2c55917f6745edeb05857a8818e99cc8.png"
      },
      {
        "size": "large",
        "#text": "https://lastfm.freetls.fastly.net/i/u/174s/2c55917f6745edeb05857a8818e99cc8.png"
      },
      {
        "size": "extralarge",
        "#text": "https://lastfm.freetls.fastly.net/i/u/300x300/2c55917f6745edeb05857a8818e99cc8.png"
      }
    ],
    "streamable": "0",
    "date": {
      "uts": "1584323560",
      "#text": "16 Mar 2020, 01:52"
    },
    "url": "https://www.last.fm/music/Twenty+One+Pilots/_/The+Judge",
    "name": "The Judge",
    "mbid": "00afc839-a58c-4500-9a6f-ca53ca1364f0"
  },
  {
    "artist": {
      "mbid": "a6c6897a-7415-4f8d-b5a5-3a5e05f3be67",
      "#text": "Twenty One Pilots"
    },
    "album": {
      "mbid": "136434d5-9ddf-4c62-8dcc-021ead11fe0c",
      "#text": "Blurryface"
    },
    "image": [
      {
        "size": "small",
        "#text": "https://lastfm.freetls.fastly.net/i/u/34s/2c55917f6745edeb05857a8818e99cc8.png"
      },
      {
        "size": "medium",
        "#text": "https://lastfm.freetls.fastly.net/i/u/64s/2c55917f6745edeb05857a8818e99cc8.png"
      },
      {
        "size": "large",
        "#text": "https://lastfm.freetls.fastly.net/i/u/174s/2c55917f6745edeb05857a8818e99cc8.png"
      },
      {
        "size": "extralarge",
        "#text": "https://lastfm.freetls.fastly.net/i/u/300x300/2c55917f6745edeb05857a8818e99cc8.png"
      }
    ],
    "streamable": "0",
    "date": {
      "uts": "1584323306",
      "#text": "16 Mar 2020, 01:48"
    },
    "url": "https://www.last.fm/music/Twenty+One+Pilots/_/Lane+Boy",
    "name": "Lane Boy",
    "mbid": "003ed77b-ba89-42cb-9815-36d9b19de58a"
  },
  {
    "artist": {
      "mbid": "a6c6897a-7415-4f8d-b5a5-3a5e05f3be67",
      "#text": "Twenty One Pilots"
    },
    "album": {
      "mbid": "136434d5-9ddf-4c62-8dcc-021ead11fe0c",
      "#text": "Blurryface"
    },
    "image": [
      {
        "size": "small",
        "#text": "https://lastfm.freetls.fastly.net/i/u/34s/2c55917f6745edeb05857a8818e99cc8.png"
      },
      {
        "size": "medium",
        "#text": "https://lastfm.freetls.fastly.net/i/u/64s/2c55917f6745edeb05857a8818e99cc8.png"
      },
      {
        "size": "large",
        "#text": "https://lastfm.freetls.fastly.net/i/u/174s/2c55917f6745edeb05857a8818e99cc8.png"
      },
      {
        "size": "extralarge",
        "#text": "https://lastfm.freetls.fastly.net/i/u/300x300/2c55917f6745edeb05857a8818e99cc8.png"
      }
    ],
    "streamable": "0",
    "date": {
      "uts": "1584323118",
      "#text": "16 Mar 2020, 01:45"
    },
    "url": "https://www.last.fm/music/Twenty+One+Pilots/_/Tear+in+My+Heart",
    "name": "Tear in My Heart",
    "mbid": "0e667c15-3e82-4051-ab15-1701428962a3"
  },
  {
    "artist": {
      "mbid": "a6c6897a-7415-4f8d-b5a5-3a5e05f3be67",
      "#text": "Twenty One Pilots"
    },
    "album": {
      "mbid": "136434d5-9ddf-4c62-8dcc-021ead11fe0c",
      "#text": "Blurryface"
    },
    "image": [
      {
        "size": "small",
        "#text": "https://lastfm.freetls.fastly.net/i/u/34s/2c55917f6745edeb05857a8818e99cc8.png"
      },
      {
        "size": "medium",
        "#text": "https://lastfm.freetls.fastly.net/i/u/64s/2c55917f6745edeb05857a8818e99cc8.png"
      },
      {
        "size": "large",
        "#text": "https://lastfm.freetls.fastly.net/i/u/174s/2c55917f6745edeb05857a8818e99cc8.png"
      },
      {
        "size": "extralarge",
        "#text": "https://lastfm.freetls.fastly.net/i/u/300x300/2c55917f6745edeb05857a8818e99cc8.png"
      }
    ],
    "streamable": "0",
    "date": {
      "uts": "1584322886",
      "#text": "16 Mar 2020, 01:41"
    },
    "url": "https://www.last.fm/music/Twenty+One+Pilots/_/Fairly+Local",
    "name": "Fairly Local",
    "mbid": "27055e1a-b00c-4099-aea9-e7a119724d3d"
  },
  {
    "artist": {
      "mbid": "a6c6897a-7415-4f8d-b5a5-3a5e05f3be67",
      "#text": "Twenty One Pilots"
    },
    "album": {
      "mbid": "136434d5-9ddf-4c62-8dcc-021ead11fe0c",
      "#text": "Blurryface"
    },
    "image": [
      {
        "size": "small",
        "#text": "https://lastfm.freetls.fastly.net/i/u/34s/2c55917f6745edeb05857a8818e99cc8.png"
      },
      {
        "size": "medium",
        "#text": "https://lastfm.freetls.fastly.net/i/u/64s/2c55917f6745edeb05857a8818e99cc8.png"
      },
      {
        "size": "large",
        "#text": "https://lastfm.freetls.fastly.net/i/u/174s/2c55917f6745edeb05857a8818e99cc8.png"
      },
      {
        "size": "extralarge",
        "#text": "https://lastfm.freetls.fastly.net/i/u/300x300/2c55917f6745edeb05857a8818e99cc8.png"
      }
    ],
    "streamable": "0",
    "date": {
      "uts": "1584322469",
      "#text": "16 Mar 2020, 01:34"
    },
    "url": "https://www.last.fm/music/Twenty+One+Pilots/_/Stressed+Out",
    "name": "Stressed Out",
    "mbid": "006cf77c-cb27-48f0-9c7a-c2e34f3e5c20"
  },
  {
    "artist": {
      "mbid": "a6c6897a-7415-4f8d-b5a5-3a5e05f3be67",
      "#text": "Twenty One Pilots"
    },
    "album": {
      "mbid": "136434d5-9ddf-4c62-8dcc-021ead11fe0c",
      "#text": "Blurryface"
    },
    "image": [
      {
        "size": "small",
        "#text": "https://lastfm.freetls.fastly.net/i/u/34s/2c55917f6745edeb05857a8818e99cc8.png"
      },
      {
        "size": "medium",
        "#text": "https://lastfm.freetls.fastly.net/i/u/64s/2c55917f6745edeb05857a8818e99cc8.png"
      },
      {
        "size": "large",
        "#text": "https://lastfm.freetls.fastly.net/i/u/174s/2c55917f6745edeb05857a8818e99cc8.png"
      },
      {
        "size": "extralarge",
        "#text": "https://lastfm.freetls.fastly.net/i/u/300x300/2c55917f6745edeb05857a8818e99cc8.png"
      }
    ],
    "streamable": "0",
    "date": {
      "uts": "1584322234",
      "#text": "16 Mar 2020, 01:30"
    },
    "url": "https://www.last.fm/music/Twenty+One+Pilots/_/Heavydirtysoul",
    "name": "Heavydirtysoul",
    "mbid": "0da30899-442d-455a-b77a-dfed11ec061f"
  },
  {
    "artist": {
      "mbid": "a6c6897a-7415-4f8d-b5a5-3a5e05f3be67",
      "#text": "Twenty One Pilots"
    },
    "album": {
      "mbid": "05c67876-38cc-4297-ad2b-754247d2ab83",
      "#text": "Trench"
    },
    "image": [
      {
        "size": "small",
        "#text": "https://lastfm.freetls.fastly.net/i/u/34s/f0b8e8b381c3530cede2993a5c133323.png"
      },
      {
        "size": "medium",
        "#text": "https://lastfm.freetls.fastly.net/i/u/64s/f0b8e8b381c3530cede2993a5c133323.png"
      },
      {
        "size": "large",
        "#text": "https://lastfm.freetls.fastly.net/i/u/174s/f0b8e8b381c3530cede2993a5c133323.png"
      },
      {
        "size": "extralarge",
        "#text": "https://lastfm.freetls.fastly.net/i/u/300x300/f0b8e8b381c3530cede2993a5c133323.png"
      }
    ],
    "streamable": "0",
    "date": {
      "uts": "1584321923",
      "#text": "16 Mar 2020, 01:25"
    },
    "url": "https://www.last.fm/music/Twenty+One+Pilots/_/Leave+the+City",
    "name": "Leave the City",
    "mbid": "2827f786-a38a-4d9f-a587-8390530264c6"
  },
  {
    "artist": {
      "mbid": "a6c6897a-7415-4f8d-b5a5-3a5e05f3be67",
      "#text": "Twenty One Pilots"
    },
    "album": {
      "mbid": "05c67876-38cc-4297-ad2b-754247d2ab83",
      "#text": "Trench"
    },
    "image": [
      {
        "size": "small",
        "#text": "https://lastfm.freetls.fastly.net/i/u/34s/f0b8e8b381c3530cede2993a5c133323.png"
      },
      {
        "size": "medium",
        "#text": "https://lastfm.freetls.fastly.net/i/u/64s/f0b8e8b381c3530cede2993a5c133323.png"
      },
      {
        "size": "large",
        "#text": "https://lastfm.freetls.fastly.net/i/u/174s/f0b8e8b381c3530cede2993a5c133323.png"
      },
      {
        "size": "extralarge",
        "#text": "https://lastfm.freetls.fastly.net/i/u/300x300/f0b8e8b381c3530cede2993a5c133323.png"
      }
    ],
    "streamable": "0",
    "date": {
      "uts": "1584321750",
      "#text": "16 Mar 2020, 01:22"
    },
    "url": "https://www.last.fm/music/Twenty+One+Pilots/_/Legend",
    "name": "Legend",
    "mbid": "095f7a9b-8827-4051-b1ab-1942cd5c54ee"
  },
  {
    "artist": {
      "mbid": "a6c6897a-7415-4f8d-b5a5-3a5e05f3be67",
      "#text": "Twenty One Pilots"
    },
    "album": {
      "mbid": "05c67876-38cc-4297-ad2b-754247d2ab83",
      "#text": "Trench"
    },
    "image": [
      {
        "size": "small",
        "#text": "https://lastfm.freetls.fastly.net/i/u/34s/f0b8e8b381c3530cede2993a5c133323.png"
      },
      {
        "size": "medium",
        "#text": "https://lastfm.freetls.fastly.net/i/u/64s/f0b8e8b381c3530cede2993a5c133323.png"
      },
      {
        "size": "large",
        "#text": "https://lastfm.freetls.fastly.net/i/u/174s/f0b8e8b381c3530cede2993a5c133323.png"
      },
      {
        "size": "extralarge",
        "#text": "https://lastfm.freetls.fastly.net/i/u/300x300/f0b8e8b381c3530cede2993a5c133323.png"
      }
    ],
    "streamable": "0",
    "date": {
      "uts": "1584321552",
      "#text": "16 Mar 2020, 01:19"
    },
    "url": "https://www.last.fm/music/Twenty+One+Pilots/_/Pet+Cheetah",
    "name": "Pet Cheetah",
    "mbid": "09a8b997-4c34-4192-ba76-cdd6c7e88a4c"
  }
]
